{"_step":5,"lr":0.00018673651497465944,"_timestamp":1.774115757725097e+09,"train/gnorm":0.4978106223781535,"val/loss":2.220517091555138,"train/acc":0.6452359080054164,"_runtime":1115,"val/acc":0.5536252954234816,"system/vram_gb":11.052348416,"train/loss":1.5039804473204588,"_wandb":{"runtime":1115},"epoch":6}