{"_step":11,"_runtime":2218,"train/acc":0.6450866918362411,"system/vram_gb":11.310859264,"train/gnorm":0.450381750493521,"_timestamp":1.7741098600978196e+09,"train/loss":1.5387244555347606,"_wandb":{"runtime":2218},"lr":8.967309592491052e-06,"val/acc":0.559302855027865,"val/loss":2.184895590560077,"epoch":12}