{"_step":25,"epoch":25,"train/loss":3.103798499428843,"val/loss":2.954537465446511,"lr":0.00045273170610779956,"_wandb":{"runtime":3643},"_runtime":3643.143994372,"_timestamp":1.7738312042853806e+09}