{
  "train_loss": [
    3.107783750941714,
    2.6495184648061025,
    2.481080717059835,
    2.4211633312691863,
    2.3883827333495704,
    2.362440069144007,
    2.3424880025467267,
    2.3304457423973743,
    2.317458149917125,
    2.310384757071089,
    2.298925159608111,
    2.944061021245038
  ],
  "val_loss": [
    2.6549050254252418,
    2.3622617945386404,
    2.2908924020938017,
    2.2567792890320963,
    2.238679643744853,
    2.225851756209758,
    2.2117769550565463,
    2.2083172744067747,
    2.202900213768233,
    2.198554622984644,
    2.195136000576304,
    2.750610606634795
  ]
}