{
  "train_loss": [
    3.115560323971302,
    2.5924139995894033,
    2.415519415747717,
    2.3557847142735304,
    2.3144166160289994,
    2.2879930957614567,
    2.2689290552480372,
    2.251304913158543,
    2.2407838875840986,
    2.229777939061043,
    2.186775392152956,
    2.1780614671701652,
    2.150934556091351,
    2.129824031833135,
    2.1153740612185583,
    1.9222311156006482,
    1.8953491808926644,
    1.8822471618497616,
    1.8733721400909544
  ],
  "val_loss": [
    2.621909448495552,
    2.2888820037912967,
    2.215643790230822,
    2.1816996677242106,
    2.163866407230719,
    2.1482420713865933,
    2.14214894874772,
    2.1333453513259317,
    2.128410218402521,
    2.1240000190307846,
    2.0985139703586895,
    2.087118754530686,
    2.0790750276403545,
    2.0742174148701933,
    2.0711489317932847,
    2.058115108099637,
    2.062260429936392,
    2.068921093994832,
    2.0739432790596495
  ]
}