{
  "train_loss": [
    3.1177469313505717,
    2.656056213488935,
    2.4847570467586646,
    2.425203521003426,
    2.390915451388143,
    2.3623092992181287,
    2.3472965021521275,
    2.3304674266084042,
    2.316844664357188,
    2.3068112747999994,
    2.2990442703531495,
    2.92900496379147,
    2.876534624267525,
    2.8728646116639065,
    2.7095061483182374,
    2.695233330315391,
    2.6925495061813876
  ],
  "val_loss": [
    2.6630491474493225,
    2.361424610508022,
    2.291329896129779,
    2.258841658350247,
    2.236920420305053,
    2.2267714197244217,
    2.217672614410742,
    2.2107133482463324,
    2.203863310244546,
    2.199237882201351,
    2.197029276748202,
    2.7384989018226737,
    2.6968103832985038,
    2.692520855718584,
    2.6277201005594053,
    2.621430153206213,
    2.6155214675504768
  ]
}