{
  "train_loss": [
    3.101595383884242,
    2.5866856363206834,
    2.4111093252785514,
    2.348975483952388,
    2.31189129725292,
    2.2872405844048322,
    2.2655897115058776,
    2.2491922207651616,
    2.2350311636202678,
    2.2257685858336176,
    2.185108005536335,
    2.174233016824736,
    2.148578632073888,
    2.128080369279816,
    2.1121247920860706,
    1.9172307550649255,
    1.8907797485461042,
    1.876121907815969,
    1.8635149467462486
  ],
  "val_loss": [
    2.6048615216497164,
    2.2830919430149135,
    2.2117047204544296,
    2.1825919095793767,
    2.16427845179145,
    2.1470961322357405,
    2.140419081716395,
    2.13415185850058,
    2.129514196666319,
    2.127231170597361,
    2.096881479718792,
    2.0853198542879587,
    2.0791897997215614,
    2.075746374984286,
    2.072165919773614,
    2.059045963465278,
    2.0638117211256453,
    2.070163930529979,
    2.0760707056344443
  ]
}