{"train/ss_epsilon":0.5521689215376071,"_step":44,"epoch":44,"_wandb":{"runtime":5888},"_runtime":5888.281148716,"_timestamp":1.7738643564667392e+09,"train/loss":3.360341299813079,"val/loss":2.9635617269266366,"lr":0.0001113483178634977}