{"_step":40,"epoch":40,"_wandb":{"runtime":4132},"_runtime":4132.1942479,"train/loss":-0.7729122651326038,"val/loss":3.2286370690112,"lr":1.2875000000000006e-05,"_timestamp":1.7739006140870473e+09}