{"_wandb":{"runtime":11237},"_runtime":11237.799111686,"val/loss":2.8750123963869747,"lr":5e-06,"_timestamp":1.7738444964356813e+09,"_step":41,"epoch":41,"train/loss":2.6080146204486905}