{"scst/advantage_mean":-0.09766401710670938,"lr/decoder":4.163387527353237e-06,"step/reward_greedy":0.29757940769195557,"step/lr_backbone":2.1966715933957493e-06,"step/advantage_std":0.17947176098823547,"gpu/memory_reserved_gb":14.210301952,"train/best_val_loss":2.1598917016583083,"val/loss":2.1599447073836475,"_wandb":{"runtime":7124},"train/rl_loss":-3.2903714235517114,"step/grad_norm":2.480287551879883,"train/loss":1.3141517300846466,"step/css_loss":0,"scst/reward_sample":0.2021057951088598,"_runtime":7124.597394839,"gpu/memory_allocated_gb":3.44211968,"train/ce_loss":1.8204667501745715,"step/coverage_loss":0.9343594312667847,"_timestamp":1.7739484621206684e+09,"train/coverage_loss":0.9421821616448057,"step/ce_loss":1.9019496440887451,"step/rl_loss":-3.6433935165405273,"scst/reward_greedy":0.29976981183173546,"step/advantage_mean":-0.10696160793304443,"train/grad_norm":2.1538510734797702,"train/patience":0,"lr/backbone":2.0000000000000003e-06,"data/curriculum_stage":4,"_step":7085,"step/reward_delta":-0.10696160793304443,"train/css_loss":0,"step/lr":4.163387527353237e-06,"scst/reward_delta":-0.09766401672287565,"epoch":57,"step/reward_sample":0.19061776995658875,"scst/advantage_std":0.14394841975175585}