{"_runtime":13286.332183411,"train/loss":2.8149109496342914,"val/loss":2.9408297904562004,"lr":1.8428315656468612e-05,"_timestamp":1.7738235519740276e+09,"_step":20,"epoch":20,"_wandb":{"runtime":13286}}