{"step/css_loss":0,"step/ce_loss":2.8709073066711426,"step/coverage_loss":0,"step/grad_norm":2.017070770263672,"_runtime":7644.646646329,"step/lr":7.040731755688021e-05,"_timestamp":1.7739409823371272e+09,"_step":14150,"step/lr_backbone":8.218847050625474e-06,"_wandb":{"runtime":7644}}