{"epoch":1,"val/loss":2.1879961964202255,"_timestamp":1.7741105125877173e+09,"_wandb":{"runtime":209},"_step":0,"system/vram_gb":10.73606656,"val/acc":0.5566178666402216,"_runtime":209,"train/gnorm":0.46002131295952076,"train/loss":1.6353134865840682,"lr":0.0001,"train/acc":0.6268259966712058}