{"val/loss":2.898167822038619,"_runtime":2927.767981821,"_wandb":{"runtime":2927},"epoch":45,"lr":5.226829389220048e-05,"_step":45,"train/ss_epsilon":0.7329101333904933,"_timestamp":1.7738574888141158e+09,"train/loss":3.0865318262657007}