{
  "greedy": {
    "A": {
      "bleu1": 0.3714774757338048,
      "bleu2": 0.23349535912021038,
      "bleu3": 0.1414927833230946,
      "bleu4": 0.09151232539258244,
      "meteor": 0.31166768699771974,
      "rougeL": 0.3828089968270467,
      "exact_match": 0.028252418407015638,
      "n_samples": 88488,
      "bertscore": 0.9008100032806396
    },
    "B": {
      "bleu1": 0.4123677335814179,
      "bleu2": 0.27018594726834394,
      "bleu3": 0.17148124698639164,
      "bleu4": 0.1127435273985236,
      "meteor": 0.3561311734588118,
      "rougeL": 0.4237319227501152,
      "exact_match": 0.04068348250610252,
      "n_samples": 88488,
      "bertscore": 0.9080743789672852
    },
    "C": {
      "bleu1": 0.3864982674575179,
      "bleu2": 0.24627625529361874,
      "bleu3": 0.15156976218349374,
      "bleu4": 0.09884065434038194,
      "meteor": 0.3271333382218971,
      "rougeL": 0.3970755392593791,
      "exact_match": 0.04181357924238315,
      "n_samples": 88488,
      "bertscore": 0.9033792018890381
    },
    "D": {
      "bleu1": 0.4150790242342526,
      "bleu2": 0.27338150913828724,
      "bleu3": 0.1747578987697943,
      "bleu4": 0.1158544419673116,
      "meteor": 0.35948556342057414,
      "rougeL": 0.42697647333507216,
      "exact_match": 0.05876503028659254,
      "n_samples": 88488,
      "bertscore": 0.9084519147872925
    }
  },
  "beam_search": {
    "A": {
      "bleu1": 0.3722678750102548,
      "bleu2": 0.2333472313521662,
      "bleu3": 0.14208370816205182,
      "bleu4": 0.09257814479956308,
      "meteor": 0.3153631292642854,
      "rougeL": 0.38232262939501943,
      "exact_match": 0.07458638459452128,
      "n_samples": 88488,
      "bertscore": 0.8998808264732361
    },
    "B": {
      "bleu1": 0.4121802066682084,
      "bleu2": 0.2690244969333203,
      "bleu3": 0.17128421522466064,
      "bleu4": 0.11365281522896414,
      "meteor": 0.3588799001922315,
      "rougeL": 0.42301732699113914,
      "exact_match": 0.09944851279269505,
      "n_samples": 88488,
      "bertscore": 0.9073207378387451
    },
    "C": {
      "bleu1": 0.38717281521489116,
      "bleu2": 0.24647550367162513,
      "bleu3": 0.15271791666389672,
      "bleu4": 0.10052495412280293,
      "meteor": 0.32997663800306837,
      "rougeL": 0.39719127788497216,
      "exact_match": 0.07571648133080192,
      "n_samples": 88488,
      "bertscore": 0.902611255645752
    },
    "D": {
      "bleu1": 0.4160288960946279,
      "bleu2": 0.27335223651803175,
      "bleu3": 0.17542065430194062,
      "bleu4": 0.11700554482953238,
      "meteor": 0.36321744441866444,
      "rougeL": 0.42686819873526743,
      "exact_match": 0.1107494801555013,
      "n_samples": 88488,
      "bertscore": 0.9080315828323364
    }
  },
  "config": {
    "num_eval_samples": null,
    "beam_width": 3,
    "no_repeat_ngram": 3,
    "device": "cuda",
    "has_rouge": true,
    "has_bertscore": true
  },
  "model_info": {
    "A": {
      "checkpoint": "checkpoints/model_a_best.pth",
      "total_params": 45939128,
      "trainable_params": 45939128,
      "ckpt_size_mb": 183.793069
    },
    "B": {
      "checkpoint": "checkpoints/model_b_best.pth",
      "total_params": 83213304,
      "trainable_params": 40713144,
      "ckpt_size_mb": 333.513382
    },
    "C": {
      "checkpoint": "checkpoints/model_c_best.pth",
      "total_params": 56427960,
      "trainable_params": 56427960,
      "ckpt_size_mb": 225.753985
    },
    "D": {
      "checkpoint": "checkpoints/model_d_best.pth",
      "total_params": 93702136,
      "trainable_params": 51201976,
      "ckpt_size_mb": 375.462596
    }
  }
}