{"_step":4,"train/loss":NaN,"val/loss":NaN,"_wandb":{"runtime":946},"_runtime":946,"lr":0.0009875893165300026,"epoch":5,"_timestamp":1.7740934954869921e+09}